{
  "corridor": {"x": 99.4180374, "y": 98.09745788, "z": 0.005455017},
  "restroom": {"x": 103.25519561767578, "y": 70.57147979736328, "z": 0.00356292724609375},
  "office": {"x": 97.678375, "y": 90.0347824, "z": 0.005794525}
}



